Dataset,Files
airline-safety,airline-safety/airline-safety.csv
alcohol-consumption,alcohol-consumption/drinks.csv
avengers,avengers/avengers.csv
bad-drivers,bad-drivers/bad-drivers.csv
bechdel,bechdel/movies.csv
biopics,biopics/biopics.csv
births,births/US_births_1994-2003_CDC_NCHS.csv
births,births/US_births_2000-2014_SSA.csv
bob-ross,bob-ross/cluster-paintings.py
bob-ross,bob-ross/elements-by-episode.csv
buster-posey-mvp,buster-posey-mvp/baseball_imgcap_for_release.py
classic-rock,classic-rock/classic-rock-raw-data.csv
classic-rock,classic-rock/classic-rock-song-list.csv
classic-rock,classic-rock/compiling_radio.py
classic-rock,classic-rock/radio.py
classic-rock,classic-rock/readme-classicrock.txt
college-majors,college-majors/all-ages.csv
college-majors,college-majors/grad-students.csv
college-majors,college-majors/majors-list.csv
college-majors,college-majors/recent-grads.csv
college-majors,college-majors/women-stem.csv
comic-characters,comic-characters/dc-wikia-data.csv
comic-characters,comic-characters/marvel-wikia-data.csv
comma-survey-data,comma-survey-data/comma-survey-data.csv
congress-age,congress-age/congress-terms.csv
cousin-marriage,cousin-marriage/cousin-marriage-data.csv
daily-show-guests,daily-show-guests/daily_show_guests.csv
democratic-bench,democratic-bench/democratic-bench.csv
drug-use-by-age,drug-use-by-age/drug-use-by-age.csv
early-senate-polls,early-senate-polls/early-senate-polls.csv
elo-blatter,elo-blatter/elo_blatter.csv
endorsements-june-30,endorsements-june-30/endorsements-june-30.csv
fandango,fandango/fandango_score_comparison.csv
fandango,fandango/fandango_scrape.csv
fifa,fifa/fifa_countries_audience.csv
flying-etiquette-survey,flying-etiquette-survey/flying-etiquette.csv
food-world-cup,food-world-cup/food-world-cup-data.csv
food-world-cup,food-world-cup/readme.txt
forecast-methodology,forecast-methodology/historical-senate-predictions.csv
hate-crimes,hate-crimes/hate_crimes.csv
hip-hop-candidate-lyrics,hip-hop-candidate-lyrics/genius_hip_hop_lyrics.csv
historical-ncaa-forecasts,historical-ncaa-forecasts/historical-538-ncaa-tournament-model-results.csv
infrastructure-jobs,infrastructure-jobs/payroll-states.csv
librarians,librarians/librarians-by-msa.csv
love-actually,love-actually/love_actually_adjacencies.csv
love-actually,love-actually/love_actually_appearances.csv
mad-men,mad-men/performer-scores.csv
mad-men,mad-men/show-data.csv
male-flight-attendants,male-flight-attendants/male-flight-attendants.tsv
march-madness-predictions,march-madness-predictions/bracket-00.csv
march-madness-predictions,march-madness-predictions/bracket-01.csv
march-madness-predictions,march-madness-predictions/bracket-02.csv
march-madness-predictions,march-madness-predictions/bracket-03.csv
march-madness-predictions,march-madness-predictions/bracket-04.csv
march-madness-predictions,march-madness-predictions/bracket-05.csv
march-madness-predictions,march-madness-predictions/bracket-06.csv
march-madness-predictions,march-madness-predictions/bracket-07.csv
march-madness-predictions,march-madness-predictions/bracket-08.csv
march-madness-predictions,march-madness-predictions/bracket-09.csv
march-madness-predictions,march-madness-predictions/bracket-10.csv
march-madness-predictions,march-madness-predictions/bracket-11.csv
march-madness-predictions,march-madness-predictions/bracket-12.csv
march-madness-predictions,march-madness-predictions/bracket-13.csv
march-madness-predictions,march-madness-predictions/bracket-14.csv
march-madness-predictions,march-madness-predictions/bracket-15.csv
march-madness-predictions,march-madness-predictions/bracket-16.csv
march-madness-predictions,march-madness-predictions/bracket-17.csv
march-madness-predictions,march-madness-predictions/bracket-18.csv
march-madness-predictions,march-madness-predictions/bracket-19.csv
march-madness-predictions,march-madness-predictions/bracket-20.csv
march-madness-predictions,march-madness-predictions/bracket-21.csv
march-madness-predictions,march-madness-predictions/bracket-22.csv
march-madness-predictions,march-madness-predictions/bracket-23.csv
march-madness-predictions,march-madness-predictions/bracket-24.csv
march-madness-predictions,march-madness-predictions/bracket-25.csv
march-madness-predictions,march-madness-predictions/bracket-26.csv
march-madness-predictions,march-madness-predictions/bracket-27.csv
march-madness-predictions,march-madness-predictions/bracket-28.csv
march-madness-predictions,march-madness-predictions/bracket-29.csv
march-madness-predictions,march-madness-predictions/bracket-30.csv
march-madness-predictions,march-madness-predictions/bracket-31.csv
march-madness-predictions,march-madness-predictions/bracket-32.csv
march-madness-predictions,march-madness-predictions/bracket-33.csv
march-madness-predictions,march-madness-predictions/bracket-34.csv
march-madness-predictions,march-madness-predictions/bracket-35.csv
march-madness-predictions,march-madness-predictions/bracket-36.csv
march-madness-predictions,march-madness-predictions/bracket-37.csv
march-madness-predictions,march-madness-predictions/bracket-38.csv
march-madness-predictions,march-madness-predictions/bracket-39.csv
march-madness-predictions,march-madness-predictions/bracket-40.csv
march-madness-predictions,march-madness-predictions/bracket-41.csv
march-madness-predictions,march-madness-predictions/bracket-42.csv
march-madness-predictions,march-madness-predictions/bracket-43.csv
march-madness-predictions,march-madness-predictions/bracket-44.csv
march-madness-predictions,march-madness-predictions/bracket-45.csv
march-madness-predictions,march-madness-predictions/bracket-46.csv
march-madness-predictions,march-madness-predictions/bracket-47.csv
march-madness-predictions,march-madness-predictions/bracket-48.csv
march-madness-predictions,march-madness-predictions/bracket-49.csv
march-madness-predictions,march-madness-predictions/bracket-50.csv
march-madness-predictions,march-madness-predictions/bracket-51.csv
march-madness-predictions,march-madness-predictions/bracket-52.csv
march-madness-predictions,march-madness-predictions/bracket-53.csv
march-madness-predictions,march-madness-predictions/bracket-54.csv
march-madness-predictions,march-madness-predictions/bracket-55.csv
march-madness-predictions,march-madness-predictions/bracket-56.csv
march-madness-predictions,march-madness-predictions/bracket-57.csv
march-madness-predictions,march-madness-predictions/bracket-58.csv
march-madness-predictions,march-madness-predictions/bracket-59.csv
march-madness-predictions,march-madness-predictions/bracket-60.csv
march-madness-predictions,march-madness-predictions/bracket-61.csv
march-madness-predictions-2015,march-madness-predictions-2015/mens
march-madness-predictions-2015,march-madness-predictions-2015/mens/bracket-00-no-moore.tsv
march-madness-predictions-2015,march-madness-predictions-2015/mens/bracket-00.tsv
march-madness-predictions-2015,march-madness-predictions-2015/mens/bracket-01.tsv
march-madness-predictions-2015,march-madness-predictions-2015/mens/bracket-02.tsv
march-madness-predictions-2015,march-madness-predictions-2015/mens/bracket-03.tsv
march-madness-predictions-2015,march-madness-predictions-2015/mens/bracket-04.tsv
march-madness-predictions-2015,march-madness-predictions-2015/mens/bracket-05.tsv
march-madness-predictions-2015,march-madness-predictions-2015/mens/bracket-06.tsv
march-madness-predictions-2015,march-madness-predictions-2015/mens/bracket-07.tsv
march-madness-predictions-2015,march-madness-predictions-2015/mens/bracket-08.tsv
march-madness-predictions-2015,march-madness-predictions-2015/mens/bracket-09.tsv
march-madness-predictions-2015,march-madness-predictions-2015/mens/bracket-10.tsv
march-madness-predictions-2015,march-madness-predictions-2015/mens/bracket-11.tsv
march-madness-predictions-2015,march-madness-predictions-2015/mens/bracket-12.tsv
march-madness-predictions-2015,march-madness-predictions-2015/mens/bracket-13.tsv
march-madness-predictions-2015,march-madness-predictions-2015/mens/bracket-14.tsv
march-madness-predictions-2015,march-madness-predictions-2015/mens/bracket-15.tsv
march-madness-predictions-2015,march-madness-predictions-2015/mens/bracket-16.tsv
march-madness-predictions-2015,march-madness-predictions-2015/mens/bracket-17.tsv
march-madness-predictions-2015,march-madness-predictions-2015/mens/bracket-18.tsv
march-madness-predictions-2015,march-madness-predictions-2015/mens/bracket-19.tsv
march-madness-predictions-2015,march-madness-predictions-2015/mens/bracket-20.tsv
march-madness-predictions-2015,march-madness-predictions-2015/mens/bracket-21.tsv
march-madness-predictions-2015,march-madness-predictions-2015/mens/bracket-22.tsv
march-madness-predictions-2015,march-madness-predictions-2015/mens/bracket-23.tsv
march-madness-predictions-2015,march-madness-predictions-2015/mens/bracket-24.tsv
march-madness-predictions-2015,march-madness-predictions-2015/mens/bracket-25.tsv
march-madness-predictions-2015,march-madness-predictions-2015/mens/bracket-26.tsv
march-madness-predictions-2015,march-madness-predictions-2015/mens/bracket-27.tsv
march-madness-predictions-2015,march-madness-predictions-2015/mens/bracket-28.tsv
march-madness-predictions-2015,march-madness-predictions-2015/mens/bracket-29.tsv
march-madness-predictions-2015,march-madness-predictions-2015/mens/bracket-30.tsv
march-madness-predictions-2015,march-madness-predictions-2015/mens/bracket-31.tsv
march-madness-predictions-2015,march-madness-predictions-2015/mens/bracket-32.tsv
march-madness-predictions-2015,march-madness-predictions-2015/mens/bracket-33.tsv
march-madness-predictions-2015,march-madness-predictions-2015/mens/bracket-34.tsv
march-madness-predictions-2015,march-madness-predictions-2015/mens/bracket-35.tsv
march-madness-predictions-2015,march-madness-predictions-2015/mens/bracket-36.tsv
march-madness-predictions-2015,march-madness-predictions-2015/mens/bracket-37.tsv
march-madness-predictions-2015,march-madness-predictions-2015/mens/bracket-38.tsv
march-madness-predictions-2015,march-madness-predictions-2015/mens/bracket-39.tsv
march-madness-predictions-2015,march-madness-predictions-2015/mens/bracket-40.tsv
march-madness-predictions-2015,march-madness-predictions-2015/mens/bracket-41.tsv
march-madness-predictions-2015,march-madness-predictions-2015/mens/bracket-42.tsv
march-madness-predictions-2015,march-madness-predictions-2015/mens/bracket-43.tsv
march-madness-predictions-2015,march-madness-predictions-2015/mens/bracket-44.tsv
march-madness-predictions-2015,march-madness-predictions-2015/mens/bracket-45.tsv
march-madness-predictions-2015,march-madness-predictions-2015/mens/bracket-46.tsv
march-madness-predictions-2015,march-madness-predictions-2015/mens/bracket-47.tsv
march-madness-predictions-2015,march-madness-predictions-2015/mens/bracket-48.tsv
march-madness-predictions-2015,march-madness-predictions-2015/mens/bracket-49.tsv
march-madness-predictions-2015,march-madness-predictions-2015/mens/bracket-50.tsv
march-madness-predictions-2015,march-madness-predictions-2015/mens/bracket-51.tsv
march-madness-predictions-2015,march-madness-predictions-2015/mens/bracket-52.tsv
march-madness-predictions-2015,march-madness-predictions-2015/mens/bracket-53.tsv
march-madness-predictions-2015,march-madness-predictions-2015/mens/bracket-54.tsv
march-madness-predictions-2015,march-madness-predictions-2015/mens/bracket-55.tsv
march-madness-predictions-2015,march-madness-predictions-2015/mens/bracket-56.tsv
march-madness-predictions-2015,march-madness-predictions-2015/mens/bracket-57.tsv
march-madness-predictions-2015,march-madness-predictions-2015/mens/bracket-58.tsv
march-madness-predictions-2015,march-madness-predictions-2015/mens/bracket-59.tsv
march-madness-predictions-2015,march-madness-predictions-2015/mens/bracket-60.tsv
march-madness-predictions-2015,march-madness-predictions-2015/mens/bracket-61.tsv
march-madness-predictions-2015,march-madness-predictions-2015/mens/bracket-62.tsv
march-madness-predictions-2015,march-madness-predictions-2015/mens/bracket-63.tsv
march-madness-predictions-2015,march-madness-predictions-2015/womens
march-madness-predictions-2015,march-madness-predictions-2015/womens/bracket-00.tsv
march-madness-predictions-2015,march-madness-predictions-2015/womens/bracket-01.tsv
march-madness-predictions-2015,march-madness-predictions-2015/womens/bracket-02.tsv
march-madness-predictions-2015,march-madness-predictions-2015/womens/bracket-03.tsv
march-madness-predictions-2015,march-madness-predictions-2015/womens/bracket-04.tsv
march-madness-predictions-2015,march-madness-predictions-2015/womens/bracket-05.tsv
march-madness-predictions-2015,march-madness-predictions-2015/womens/bracket-06.tsv
march-madness-predictions-2015,march-madness-predictions-2015/womens/bracket-07.tsv
march-madness-predictions-2015,march-madness-predictions-2015/womens/bracket-08.tsv
march-madness-predictions-2015,march-madness-predictions-2015/womens/bracket-09.tsv
march-madness-predictions-2015,march-madness-predictions-2015/womens/bracket-10.tsv
march-madness-predictions-2015,march-madness-predictions-2015/womens/bracket-11.tsv
march-madness-predictions-2015,march-madness-predictions-2015/womens/bracket-12.tsv
march-madness-predictions-2015,march-madness-predictions-2015/womens/bracket-13.tsv
march-madness-predictions-2015,march-madness-predictions-2015/womens/bracket-14.tsv
march-madness-predictions-2015,march-madness-predictions-2015/womens/bracket-15.tsv
march-madness-predictions-2015,march-madness-predictions-2015/womens/bracket-16.tsv
march-madness-predictions-2015,march-madness-predictions-2015/womens/bracket-17.tsv
march-madness-predictions-2015,march-madness-predictions-2015/womens/bracket-18.tsv
march-madness-predictions-2015,march-madness-predictions-2015/womens/bracket-19.tsv
march-madness-predictions-2015,march-madness-predictions-2015/womens/bracket-20.tsv
march-madness-predictions-2015,march-madness-predictions-2015/womens/bracket-21.tsv
march-madness-predictions-2015,march-madness-predictions-2015/womens/bracket-22.tsv
march-madness-predictions-2015,march-madness-predictions-2015/womens/bracket-23.tsv
march-madness-predictions-2015,march-madness-predictions-2015/womens/bracket-24.tsv
march-madness-predictions-2015,march-madness-predictions-2015/womens/bracket-25.tsv
march-madness-predictions-2015,march-madness-predictions-2015/womens/bracket-26.tsv
march-madness-predictions-2015,march-madness-predictions-2015/womens/bracket-27.tsv
march-madness-predictions-2015,march-madness-predictions-2015/womens/bracket-28.tsv
march-madness-predictions-2015,march-madness-predictions-2015/womens/bracket-29.tsv
march-madness-predictions-2015,march-madness-predictions-2015/womens/bracket-30.tsv
march-madness-predictions-2015,march-madness-predictions-2015/womens/bracket-31.tsv
marriage,marriage/both_sexes.csv
marriage,marriage/divorce.csv
marriage,marriage/men.csv
marriage,marriage/women.csv
mlb-allstar-teams,mlb-allstar-teams/allstar_player_talent.csv
mlb-allstar-teams,mlb-allstar-teams/allstar_team_talent.csv
most-common-name,most-common-name/adjusted-name-combinations-list.csv
most-common-name,most-common-name/adjusted-name-combinations-matrix.csv
most-common-name,most-common-name/adjustments.csv
most-common-name,most-common-name/aging-curve.csv
most-common-name,most-common-name/independent-name-combinations-by-pop.csv
most-common-name,most-common-name/new-top-firstNames.csv
most-common-name,most-common-name/new-top-surnames.csv
most-common-name,most-common-name/state-pop.csv
most-common-name,most-common-name/surnames.csv
murder_2016,murder_2016/murder_2015_final.csv
murder_2016,murder_2016/murder_2016_prelim.csv
nba-draft-2015,nba-draft-2015/historical_projections.csv
nba-elo,nba-elo/nbaallelo.csv
nba-tattoos,nba-tattoos/nba-tattoos-data.csv
nba-winprobs,nba-winprobs/nba.tsv
nfl-favorite-team,nfl-favorite-team/team-picking-categories.csv
nfl-suspensions,nfl-suspensions/nfl-suspensions-data.csv
nfl-ticket-prices,nfl-ticket-prices/2014-average-ticket-price.csv
nfl-ticket-prices,nfl-ticket-prices/jets-buyer.csv
nfl-ticket-prices,nfl-ticket-prices/national-average.csv
nfl-wide-receivers,nfl-wide-receivers/advanced-historical.csv
nfl-wide-receivers,nfl-wide-receivers/try-per-game-aging-curve.csv
nutrition-studies,nutrition-studies/p_values_analysis.csv
nutrition-studies,nutrition-studies/raw_anonymized_data.csv
obama-commutations,obama-commutations/obama_commutations.csv
pew-religions,pew-religions/current.csv
pew-religions,pew-religions/Religion-Leah.py
police-deaths,police-deaths/all_data.csv
police-deaths,police-deaths/clean_data.csv
police-killings,police-killings/police_killings.csv
police-locals,police-locals/police-locals.csv
poll-of-pollsters,poll-of-pollsters/poll-of-pollsters-2.tsv
poll-of-pollsters,poll-of-pollsters/poll-of-pollsters-3.tsv
poll-of-pollsters,poll-of-pollsters/poll-of-pollsters-4.tsv
poll-of-pollsters,poll-of-pollsters/poll-of-pollsters-5.tsv
poll-of-pollsters,poll-of-pollsters/poll-of-pollsters-6-iowa.tsv
poll-of-pollsters,poll-of-pollsters/poll-of-pollsters-7.tsv
poll-of-pollsters,poll-of-pollsters/poll-of-pollsters-anonymous-answers-2.tsv
poll-of-pollsters,poll-of-pollsters/poll-of-pollsters-anonymous-answers-3.tsv
poll-of-pollsters,poll-of-pollsters/poll-of-pollsters-anonymous-answers-4.tsv
poll-of-pollsters,poll-of-pollsters/poll-of-pollsters-anonymous-answers-5.tsv
poll-of-pollsters,poll-of-pollsters/poll-of-pollsters-anonymous-answers-6-iowa.tsv
poll-of-pollsters,poll-of-pollsters/poll-of-pollsters-anonymous-answers-7.tsv
poll-of-pollsters,poll-of-pollsters/poll-of-pollsters-anonymous-answers.tsv
poll-of-pollsters,poll-of-pollsters/poll-of-pollsters.tsv
pollster-ratings,pollster-ratings/2014
pollster-ratings,pollster-ratings/2014/pollster-ratings.tsv
pollster-ratings,pollster-ratings/2014/pollster-stats-full.xlsx
pollster-ratings,pollster-ratings/2014/raw-polls.tsv
pollster-ratings,pollster-ratings/pollster-ratings.csv
pollster-ratings,pollster-ratings/pollster-stats-full.xlsx
pollster-ratings,pollster-ratings/raw-polls.csv
potential-candidates,potential-candidates/2015_01_14
potential-candidates,potential-candidates/2015_01_14/events.csv
potential-candidates,potential-candidates/2015_01_14/statements.csv
potential-candidates,potential-candidates/2015_01_30
potential-candidates,potential-candidates/2015_01_30/events.csv
potential-candidates,potential-candidates/2015_01_30/statements.csv
presidential-campaign-trail,presidential-campaign-trail/clinton.csv
presidential-campaign-trail,presidential-campaign-trail/trump.csv
presidential-commencement-speeches,presidential-commencement-speeches/commencement_speeches.csv
pulitzer,pulitzer/pulitzer-circulation-data.csv
region-survey,region-survey/MIDWEST.csv
region-survey,region-survey/SOUTH.csv
religion-survey,religion-survey/religion-survey-results.csv
repeated-phrases-gop,repeated-phrases-gop/gop_debate_all.txt
repeated-phrases-gop,repeated-phrases-gop/robopol2.py
san-andreas,san-andreas/earthquake_data.csv
sleeping-alone-data,sleeping-alone-data/sleeping-alone-data.csv
star-wars-survey,star-wars-survey/StarWars.csv
steak-survey,steak-survey/steak-risk-survey.csv
tarantino,tarantino/tarantino.csv
tennis-time,tennis-time/events_time.csv
tennis-time,tennis-time/players_time.csv
tennis-time,tennis-time/serve_times.csv
terrorism,terrorism/country_stats_1993_appendix2.csv
terrorism,terrorism/eu_fatalities.png
terrorism,terrorism/eu_fatalities_by_country.png
terrorism,terrorism/eu_terrorism_fatalities_by_country.csv
terrorism,terrorism/eu_terrorism_fatalities_by_year.csv
terrorism,terrorism/france_fatalities.png
terrorism,terrorism/france_terrorism_fatalities_by_year.csv
terrorism,terrorism/GTD_Codebook_2015Final.pdf
thanksgiving-2015,thanksgiving-2015/thanksgiving-2015-poll-data.csv
trump-news,trump-news/trump_news_data.csv
trump-twitter,trump-twitter/realDonaldTrump_poll_tweets.csv
unisex-names,unisex-names/aging_curve.csv
unisex-names,unisex-names/unisex_names_table.csv
us-weather-history,us-weather-history/KCLT.csv
us-weather-history,us-weather-history/KCQT.csv
us-weather-history,us-weather-history/KHOU.csv
us-weather-history,us-weather-history/KIND.csv
us-weather-history,us-weather-history/KJAX.csv
us-weather-history,us-weather-history/KMDW.csv
us-weather-history,us-weather-history/KNYC.csv
us-weather-history,us-weather-history/KPHL.csv
us-weather-history,us-weather-history/KPHX.csv
us-weather-history,us-weather-history/KSEA.csv
us-weather-history,us-weather-history/visualize_weather.py
us-weather-history,us-weather-history/wunderground_parser.py
us-weather-history,us-weather-history/wunderground_scraper.py
weather-check,weather-check/weather-check.csv
womens-world-cup-predictions,womens-world-cup-predictions/wwc-forecast-20150602-093000.csv
womens-world-cup-predictions,womens-world-cup-predictions/wwc-forecast-20150606-200029.csv
womens-world-cup-predictions,womens-world-cup-predictions/wwc-forecast-20150606-230045.csv
womens-world-cup-predictions,womens-world-cup-predictions/wwc-forecast-20150607-150137.csv
womens-world-cup-predictions,womens-world-cup-predictions/wwc-forecast-20150607-180420.csv
womens-world-cup-predictions,womens-world-cup-predictions/wwc-forecast-20150608-175420.csv
womens-world-cup-predictions,womens-world-cup-predictions/wwc-forecast-20150608-210138.csv
womens-world-cup-predictions,womens-world-cup-predictions/wwc-forecast-20150608-212619.csv
womens-world-cup-predictions,womens-world-cup-predictions/wwc-forecast-20150608-235509.csv
womens-world-cup-predictions,womens-world-cup-predictions/wwc-forecast-20150609-145605.csv
womens-world-cup-predictions,womens-world-cup-predictions/wwc-forecast-20150609-175933.csv
womens-world-cup-predictions,womens-world-cup-predictions/wwc-forecast-20150609-205725.csv
womens-world-cup-predictions,womens-world-cup-predictions/wwc-forecast-20150611-182114.csv
womens-world-cup-predictions,womens-world-cup-predictions/wwc-forecast-20150611-200059.csv
womens-world-cup-predictions,womens-world-cup-predictions/wwc-forecast-20150611-210229.csv
womens-world-cup-predictions,womens-world-cup-predictions/wwc-forecast-20150611-232844.csv
womens-world-cup-predictions,womens-world-cup-predictions/wwc-forecast-20150612-185329.csv
womens-world-cup-predictions,womens-world-cup-predictions/wwc-forecast-20150612-205525.csv
womens-world-cup-predictions,womens-world-cup-predictions/wwc-forecast-20150612-215533.csv
womens-world-cup-predictions,womens-world-cup-predictions/wwc-forecast-20150612-235650.csv
womens-world-cup-predictions,womens-world-cup-predictions/wwc-forecast-20150613-145639.csv
womens-world-cup-predictions,womens-world-cup-predictions/wwc-forecast-20150613-175552.csv
womens-world-cup-predictions,womens-world-cup-predictions/wwc-forecast-20150613-205441.csv
womens-world-cup-predictions,womens-world-cup-predictions/wwc-forecast-20150615-175745.csv
womens-world-cup-predictions,womens-world-cup-predictions/wwc-forecast-20150615-213540.csv
womens-world-cup-predictions,womens-world-cup-predictions/wwc-forecast-20150616-190139.csv
womens-world-cup-predictions,womens-world-cup-predictions/wwc-forecast-20150616-220036.csv
womens-world-cup-predictions,womens-world-cup-predictions/wwc-forecast-20150617-175941.csv
womens-world-cup-predictions,womens-world-cup-predictions/wwc-forecast-20150617-210614.csv
womens-world-cup-predictions,womens-world-cup-predictions/wwc-forecast-20150620-180614.csv
womens-world-cup-predictions,womens-world-cup-predictions/wwc-forecast-20150620-213513.csv
womens-world-cup-predictions,womens-world-cup-predictions/wwc-forecast-20150621-145724.csv
womens-world-cup-predictions,womens-world-cup-predictions/wwc-forecast-20150621-175918.csv
womens-world-cup-predictions,womens-world-cup-predictions/wwc-forecast-20150621-213134.csv
womens-world-cup-predictions,womens-world-cup-predictions/wwc-forecast-20150622-185345.csv
womens-world-cup-predictions,womens-world-cup-predictions/wwc-forecast-20150622-215702.csv
womens-world-cup-predictions,womens-world-cup-predictions/wwc-forecast-20150623-235546.csv
womens-world-cup-predictions,womens-world-cup-predictions/wwc-forecast-20150626-184421.csv
womens-world-cup-predictions,womens-world-cup-predictions/wwc-forecast-20150626-212544.csv
womens-world-cup-predictions,womens-world-cup-predictions/wwc-forecast-20150627-180119.csv
womens-world-cup-predictions,womens-world-cup-predictions/wwc-forecast-20150627-213532.csv
womens-world-cup-predictions,womens-world-cup-predictions/wwc-forecast-20150630-210243.csv
womens-world-cup-predictions,womens-world-cup-predictions/wwc-forecast-20150701-205548.csv
womens-world-cup-predictions,womens-world-cup-predictions/wwc-forecast-20150705-205539.csv
womens-world-cup-predictions,womens-world-cup-predictions/wwc-matches-20150602-093000.csv
womens-world-cup-predictions,womens-world-cup-predictions/wwc-matches-20150606-200029.csv
womens-world-cup-predictions,womens-world-cup-predictions/wwc-matches-20150606-230045.csv
womens-world-cup-predictions,womens-world-cup-predictions/wwc-matches-20150607-150137.csv
womens-world-cup-predictions,womens-world-cup-predictions/wwc-matches-20150607-180420.csv
womens-world-cup-predictions,womens-world-cup-predictions/wwc-matches-20150608-175420.csv
womens-world-cup-predictions,womens-world-cup-predictions/wwc-matches-20150608-210138.csv
womens-world-cup-predictions,womens-world-cup-predictions/wwc-matches-20150608-212619.csv
womens-world-cup-predictions,womens-world-cup-predictions/wwc-matches-20150608-235509.csv
womens-world-cup-predictions,womens-world-cup-predictions/wwc-matches-20150609-145605.csv
womens-world-cup-predictions,womens-world-cup-predictions/wwc-matches-20150609-175933.csv
womens-world-cup-predictions,womens-world-cup-predictions/wwc-matches-20150609-205725.csv
womens-world-cup-predictions,womens-world-cup-predictions/wwc-matches-20150611-182114.csv
womens-world-cup-predictions,womens-world-cup-predictions/wwc-matches-20150611-200059.csv
womens-world-cup-predictions,womens-world-cup-predictions/wwc-matches-20150611-210229.csv
womens-world-cup-predictions,womens-world-cup-predictions/wwc-matches-20150611-232844.csv
womens-world-cup-predictions,womens-world-cup-predictions/wwc-matches-20150612-185329.csv
womens-world-cup-predictions,womens-world-cup-predictions/wwc-matches-20150612-205525.csv
womens-world-cup-predictions,womens-world-cup-predictions/wwc-matches-20150612-215533.csv
womens-world-cup-predictions,womens-world-cup-predictions/wwc-matches-20150612-235650.csv
womens-world-cup-predictions,womens-world-cup-predictions/wwc-matches-20150613-145639.csv
womens-world-cup-predictions,womens-world-cup-predictions/wwc-matches-20150613-175552.csv
womens-world-cup-predictions,womens-world-cup-predictions/wwc-matches-20150613-205441.csv
womens-world-cup-predictions,womens-world-cup-predictions/wwc-matches-20150615-175745.csv
womens-world-cup-predictions,womens-world-cup-predictions/wwc-matches-20150615-213540.csv
womens-world-cup-predictions,womens-world-cup-predictions/wwc-matches-20150616-190139.csv
womens-world-cup-predictions,womens-world-cup-predictions/wwc-matches-20150616-220036.csv
womens-world-cup-predictions,womens-world-cup-predictions/wwc-matches-20150617-175941.csv
womens-world-cup-predictions,womens-world-cup-predictions/wwc-matches-20150617-210614.csv
womens-world-cup-predictions,womens-world-cup-predictions/wwc-matches-20150620-180614.csv
womens-world-cup-predictions,womens-world-cup-predictions/wwc-matches-20150620-213513.csv
womens-world-cup-predictions,womens-world-cup-predictions/wwc-matches-20150621-145724.csv
womens-world-cup-predictions,womens-world-cup-predictions/wwc-matches-20150621-175918.csv
womens-world-cup-predictions,womens-world-cup-predictions/wwc-matches-20150621-213134.csv
womens-world-cup-predictions,womens-world-cup-predictions/wwc-matches-20150622-185345.csv
womens-world-cup-predictions,womens-world-cup-predictions/wwc-matches-20150622-215702.csv
womens-world-cup-predictions,womens-world-cup-predictions/wwc-matches-20150623-235546.csv
womens-world-cup-predictions,womens-world-cup-predictions/wwc-matches-20150626-184421.csv
womens-world-cup-predictions,womens-world-cup-predictions/wwc-matches-20150626-212544.csv
womens-world-cup-predictions,womens-world-cup-predictions/wwc-matches-20150627-180119.csv
womens-world-cup-predictions,womens-world-cup-predictions/wwc-matches-20150627-213532.csv
womens-world-cup-predictions,womens-world-cup-predictions/wwc-matches-20150630-210243.csv
womens-world-cup-predictions,womens-world-cup-predictions/wwc-matches-20150701-205548.csv
womens-world-cup-predictions,womens-world-cup-predictions/wwc-matches-20150705-205539.csv
world-cup-predictions,world-cup-predictions/wc-20140609-140000.csv
world-cup-predictions,world-cup-predictions/wc-20140611-132709.csv
world-cup-predictions,world-cup-predictions/wc-20140612-094254.csv
world-cup-predictions,world-cup-predictions/wc-20140612-220228.csv
world-cup-predictions,world-cup-predictions/wc-20140613-091928.csv
world-cup-predictions,world-cup-predictions/wc-20140613-180212.csv
world-cup-predictions,world-cup-predictions/wc-20140613-205820.csv
world-cup-predictions,world-cup-predictions/wc-20140614-000045.csv
world-cup-predictions,world-cup-predictions/wc-20140614-091756.csv
world-cup-predictions,world-cup-predictions/wc-20140614-180027.csv
world-cup-predictions,world-cup-predictions/wc-20140614-210740.csv
world-cup-predictions,world-cup-predictions/wc-20140615-001554.csv
world-cup-predictions,world-cup-predictions/wc-20140615-030217.csv
world-cup-predictions,world-cup-predictions/wc-20140615-092237.csv
world-cup-predictions,world-cup-predictions/wc-20140615-180820.csv
world-cup-predictions,world-cup-predictions/wc-20140615-210736.csv
world-cup-predictions,world-cup-predictions/wc-20140616-100604.csv
world-cup-predictions,world-cup-predictions/wc-20140616-182949.csv
world-cup-predictions,world-cup-predictions/wc-20140616-185551.csv
world-cup-predictions,world-cup-predictions/wc-20140616-205307.csv
world-cup-predictions,world-cup-predictions/wc-20140617-000315.csv
world-cup-predictions,world-cup-predictions/wc-20140617-091836.csv
world-cup-predictions,world-cup-predictions/wc-20140617-175702.csv
world-cup-predictions,world-cup-predictions/wc-20140617-205249.csv
world-cup-predictions,world-cup-predictions/wc-20140617-235154.csv
world-cup-predictions,world-cup-predictions/wc-20140618-100110.csv
world-cup-predictions,world-cup-predictions/wc-20140618-175722.csv
world-cup-predictions,world-cup-predictions/wc-20140618-210231.csv
world-cup-predictions,world-cup-predictions/wc-20140618-235413.csv
world-cup-predictions,world-cup-predictions/wc-20140619-091907.csv
world-cup-predictions,world-cup-predictions/wc-20140619-180248.csv
world-cup-predictions,world-cup-predictions/wc-20140619-205931.csv
world-cup-predictions,world-cup-predictions/wc-20140619-235903.csv
world-cup-predictions,world-cup-predictions/wc-20140620-094015.csv
world-cup-predictions,world-cup-predictions/wc-20140620-175706.csv
world-cup-predictions,world-cup-predictions/wc-20140620-205534.csv
world-cup-predictions,world-cup-predictions/wc-20140620-235753.csv
world-cup-predictions,world-cup-predictions/wc-20140621-092639.csv
world-cup-predictions,world-cup-predictions/wc-20140621-175630.csv
world-cup-predictions,world-cup-predictions/wc-20140621-205738.csv
world-cup-predictions,world-cup-predictions/wc-20140621-235521.csv
world-cup-predictions,world-cup-predictions/wc-20140622-091255.csv
world-cup-predictions,world-cup-predictions/wc-20140622-175429.csv
world-cup-predictions,world-cup-predictions/wc-20140622-205351.csv
world-cup-predictions,world-cup-predictions/wc-20140622-235721.csv
world-cup-predictions,world-cup-predictions/wc-20140623-095120.csv
world-cup-predictions,world-cup-predictions/wc-20140623-175427.csv
world-cup-predictions,world-cup-predictions/wc-20140623-220333.csv
world-cup-predictions,world-cup-predictions/wc-20140624-100611.csv
world-cup-predictions,world-cup-predictions/wc-20140624-181518.csv
world-cup-predictions,world-cup-predictions/wc-20140625-091929.csv
world-cup-predictions,world-cup-predictions/wc-20140625-180355.csv
world-cup-predictions,world-cup-predictions/wc-20140625-220012.csv
world-cup-predictions,world-cup-predictions/wc-20140626-095930.csv
world-cup-predictions,world-cup-predictions/wc-20140626-180150.csv
world-cup-predictions,world-cup-predictions/wc-20140626-221022.csv
world-cup-predictions,world-cup-predictions/wc-20140627-100126.csv
world-cup-predictions,world-cup-predictions/wc-20140628-094211.csv
world-cup-predictions,world-cup-predictions/wc-20140628-185951.csv
world-cup-predictions,world-cup-predictions/wc-20140628-215357.csv
world-cup-predictions,world-cup-predictions/wc-20140629-091813.csv
world-cup-predictions,world-cup-predictions/wc-20140629-180901.csv
world-cup-predictions,world-cup-predictions/wc-20140629-225940.csv
world-cup-predictions,world-cup-predictions/wc-20140630-095330.csv
world-cup-predictions,world-cup-predictions/wc-20140630-175910.csv
world-cup-predictions,world-cup-predictions/wc-20140630-223910.csv
world-cup-predictions,world-cup-predictions/wc-20140701-092605.csv
world-cup-predictions,world-cup-predictions/wc-20140701-184332.csv
world-cup-predictions,world-cup-predictions/wc-20140701-224103.csv
world-cup-predictions,world-cup-predictions/wc-20140702-094046.csv
world-cup-predictions,world-cup-predictions/wc-20140703-094053.csv
world-cup-predictions,world-cup-predictions/wc-20140704-180211.csv
world-cup-predictions,world-cup-predictions/wc-20140704-220110.csv
world-cup-predictions,world-cup-predictions/wc-20140705-093245.csv
world-cup-predictions,world-cup-predictions/wc-20140705-225331.csv
world-cup-predictions,world-cup-predictions/wc-20140706-091537.csv
world-cup-predictions,world-cup-predictions/wc-20140707-100337.csv
world-cup-predictions,world-cup-predictions/wc-20140708-092538.csv
world-cup-predictions,world-cup-predictions/wc-20140708-215459.csv
world-cup-predictions,world-cup-predictions/wc-20140709-095047.csv
world-cup-predictions,world-cup-predictions/wc-20140709-231617.csv
world-cup-predictions,world-cup-predictions/wc-20140710-164509.csv
world-cup-predictions,world-cup-predictions/wc-20140711-102258.csv
world-cup-predictions,world-cup-predictions/wc-20140713-113900.csv
